title,author,price
소년이 온다,한강,15000
스토너,존 윌리엄스,16800
그릿 Grit,김주환,18800
봄밤의 모든 것,백수린,17000
양심,최재천,18000
초역 부처의 말,코이케 류노스케,17800
듀얼 브레인,이선 몰릭,21000
모순,양귀자,13000
"2025 큰별쌤 최태성의 별★별한국사 한국사능력검정시험 심화(1, 2, 3급) 상",최태성,16500
ETS 토익 정기시험 기출문제집 1000 Vol. 4 Reading (리딩),ETS,19800
황현필의 진보를 위한 역사,황현필,22000
ETS 토익 정기시험 기출문제집 1000 Vol. 4 Listening (리스닝),ETS,19800
해커스 토익 기출 VOCA (보카),David Cho,12900
삶이라는 완벽한 농담,이경규,17800
"2025 큰별쌤 최태성의 별★별한국사 한국사능력검정시험 심화(1, 2, 3급) 하",최태성,16000
채식주의자 (리마스터판),한강,15000
어른의 행복은 조용하다,태수,17800
작별하지 않는다,한강,16800
자살의 연구,앨 앨버레즈,18000
마음의 기술,안-엘렌 클레르,21000
침묵의 퍼레이드,히가시노 게이고,21800
급류,정대건,14000
학생회에도 구멍은 있다! 8,무치마로,6000
원페이지 교육학 기본서 상,Dave,40000
맨큐의 경제학,그레고리 맨큐,49000
환율의 대전환,오건영,27000
트럼프 시대의 지정학과 비트코인,오태민,26000
슈퍼 뒤에서 담배 피우는 두 사람 5 (특장판),지누시,13000
학생회에도 구멍은 있다! 공식 일러스트북 :《후지나스 학원 활동일지》,무치마로,10000
국민이 먼저입니다,한동훈,116820
"스토너 (초판본, 양장)",존 윌리엄스,18000
꼭 그런 건 아니야,매튜 맥커너히,16700
두근두근! 내 인생의 비밀 찾기 1,성승현,15000
흰 고래의 흼에 대하여,홍한별,20000
그 개와 혁명,예소연,17500
이처럼 사소한 것들,클레어 키건,13800
행동하지 않으면 인생은 바뀌지 않는다,브라이언 트레이시,16900
사과를 그리는 100가지 방법,박이도,25000
호랑이를 부탁해,설상록,15000
미키7,에드워드 애슈턴,17000
이어령의 말,이어령,22000
하루 한 장 나의 어휘력을 위한 필사 노트 (컴포지션 에디션),유선경,23800
쉽게 풀어쓴 C언어 Express,천인국,32000
소스 코드: 더 비기닝,빌 게이츠,28000
악마와 함께 춤을,크리스타 K. 토마슨,19000
2025 써니 행정법총론 실전동형 모의고사,박준철,14000
너를 찾는 파도 1 (특별판),청연,38000
명탐정 코난 106,아오야마 고쇼,6000
히카루가 죽은 여름 5 (특장판),모쿠모쿠렌,24000
원페이지 교육학 기본서 하,Dave,40000
2025 이유진 국어 백일기도 모의고사 시즌 3 : 結(결),이유진,29000
나의 히어로 아카데미아 42 (트리플 특장판),호리코시 코헤이,6000
넥서스,유발 하라리,27800
미키7 완전판 세트 - 전2권,에드워드 애슈턴,27000
나는 보았습니다,박진여,17800
ETS 토익 단기 공략 750+ (LC + RC),ETS,18000
헌법 필사 (스프링),대한민국,5500
어떻게 극단적 소수가 다수를 지배하는가,스티븐 레비츠키,22000
흰,한강,14500
지적 대화를 위한 넓고 얕은 지식 무한,채사장,19000
교육의 뇌과학,바버라 오클리,19900
2025 이기적 빅데이터분석기사 필기 기본서,나홍석,33000
일본어 명카피 핸드북,정규영,18000
"2025 큰별쌤 최태성의 별★별한국사 기출 500제 한국사능력검정시험 심화 (1, 2, 3급)",최태성,19500
나의 자리,윤혜정,3660
심장보다 단단한 토마토 한 알,고선경,12000
느리게 가는 마음,윤성희,17000
이상한 집 2,우케쓰,18000
착! 붙는 일본어 독학 첫걸음,일본어 공부기술연구소,16800
사카모토 데이즈 19 (트리플 특전판),스즈키 유우토,6500
Kreyszig 공업수학 (상),Erwin Kreyszig,35000
데미안 (오리지널 초판본 표지디자인),헤르만 헤세,3300
도넛을 나누는 기분 (시절 시집 에디션),김소형,13000
일본어 무작정 따라하기 완전판,후지이 아사리,26000
부모의 질문력,김종원,20000
소년과 두더지와 여우와 말,찰리 맥커시,18000
ETS 토익기출 파트별 VOCA 보카,ETS,13000
계엄령,알베르 카뮈,22000
손자병법,임용한,22800
줌달의 일반화학 (Zumdahl),Steven S. Zumdahl,56000
2025 선재국어 실전 봉투 모의고사 2 결승선,이선재,18000
2025 문동균 한국사 D-30 문단속 모의고사,문동균,15000
싯다르타,헤르만 헤세,8000
어른의 품격을 채우는 100일 필사 노트,김종원,20000
큼큼 산신령의 속담 상담소,곽미영,15000
현대 이상심리학,권석만,32000
해커스 토익 RC Reading(리딩) 기본서,David Cho,18800
퓨처 셀프 30만 부 기념 스페셜 에디션,벤저민 하디,22000
대학생을 위한 자아와 명상 1,동국대학교 건학위원회,13000
2025 프로야구 가이드북,나유리,28000
이기적 유전자,리처드 도킨스,20000
대학물리학,Raymond A. Serway,52000
설민석의 한국사 대모험 32,설민석,14000
2025 심우철 실전 동형 모의고사 Season 2,심우철,14400
2025 북적북적 저절로 암기노트 & 문제풀이 예금일반,이종학,10060
패턴과 구조 영문법,윤규철,19000
Brown 일반화학 (일반화학교재연구회),Theodore L. Brown,55000
히카루가 죽은 여름 5,모쿠모쿠렌,6500
대온실 수리 보고서,김금희,18000
2025 문동균 한국사 국가직 대비 실전 봉투모의고사,문동균,12000
